date,log_return,actual_target,predicted_target
2020-10-12,0.01595961114080065,0,0
2020-10-13,-0.006547506879738885,0,0
2020-10-14,-0.0063032039764439165,0,2
2020-10-15,-0.001236645111081164,0,2
2020-10-16,-0.0006044992196053851,1,2
2020-10-19,-0.015320189384028064,2,2
2020-10-20,0.0039977292478524445,2,1
2020-10-21,-0.0018947404773594968,2,0
2020-10-22,0.005470377653716022,2,2
2020-10-23,0.0033893918512072647,2,2
2020-10-26,-0.01865284607014478,2,2
2020-10-27,-0.0034533172849463755,2,1
2020-10-28,-0.03477669669654547,0,0
2020-10-29,0.010112171938305043,0,0
2020-10-30,-0.010479593865279996,0,0
2020-11-02,0.01114607878800913,0,0
2020-11-03,0.017501910205730064,0,0
2020-11-04,0.022103111517121656,0,0
2020-11-05,0.019315080565673343,0,0
2020-11-06,-0.00022844089191289735,0,0
2020-11-09,0.01248739123622436,0,0
2020-11-10,-0.0014676830181880153,0,0
2020-11-11,0.007401083437886783,1,2
2020-11-12,-0.009748203638770065,2,2
2020-11-13,0.013749496104594085,0,0
2020-11-16,0.012405282096547239,0,0
2020-11-17,-0.0053927867527120135,1,0
2020-11-18,-0.012107833784553585,0,0
2020-11-19,0.004201333799400852,0,0
2020-11-20,-0.006871337212429325,0,2
2020-11-23,0.005976532611592405,2,0
2020-11-24,0.015985243528120103,0,0
2020-11-25,-0.0015429550644729753,0,0
2020-11-27,0.0027811067999163786,0,0
2020-11-30,-0.004436919077998222,0,0
2020-12-01,0.010878032769338408,0,0
2020-12-02,0.0021015004800139527,1,0
2020-12-03,-0.0002726727398691255,1,0
2020-12-04,0.008580713576595629,0,2
2020-12-07,-0.002057001293689531,0,0
2020-12-08,0.0029218428383649938,2,2
2020-12-09,-0.009009314418548763,2,2
2020-12-10,-0.00032716268456164227,2,1
2020-12-11,-0.001173212690672941,2,2
2020-12-14,-0.004487257173710145,2,2
2020-12-15,0.013428870513386542,0,0
2020-12-16,0.0015680764541070966,0,0
2020-12-17,0.005576447957841016,0,0
2020-12-18,-0.008254477555939183,0,0
2020-12-21,-0.0035818989778023023,0,1
2020-12-22,-0.001686845727152299,0,2
2020-12-23,0.0008981914295819009,1,2
2020-12-24,0.003882867335445986,2,2
2020-12-28,0.00855409509214667,2,0
2020-12-29,-0.001909552373478187,2,0
2020-12-30,0.001425785432200793,2,2
2020-12-31,0.005067918122986148,2,2
2021-01-04,-0.013707513967023294,2,2
2021-01-05,0.0068637787707874496,2,1
2021-01-06,0.005960709303663396,1,2
2021-01-07,0.014748158100478918,0,0
2021-01-08,0.005681534563541378,0,0
2021-01-11,-0.006763628652950582,0,0
2021-01-12,0.00021123227707725133,1,1
2021-01-13,0.0026893076744144537,1,0
2021-01-14,-0.0035080814084672996,2,2
2021-01-15,-0.007319434395981075,2,2
2021-01-19,0.00782134297990838,2,2
2021-01-20,0.01374375765753633,2,0
2021-01-21,0.0009113041392009087,2,0
2021-01-22,-0.0035457331965057324,2,0
2021-01-25,0.003936038029531221,2,0
2021-01-26,-0.0015621341925411841,2,2
2021-01-27,-0.02474407434859666,2,2
2021-01-28,0.008563426619514418,2,1
2021-01-29,-0.02022270333452971,0,0
2021-02-01,0.016508481570626607,0,0
2021-02-02,0.014041245231574047,0,0
2021-02-03,0.0007859575987509399,0,0
2021-02-04,0.01130161500525949,0,0
2021-02-05,0.003928161143618354,0,0
2021-02-08,0.007195939663207556,0,2
2021-02-09,-0.0006660177509372693,0,0
2021-02-10,-0.0004357131026347282,0,2
2021-02-11,0.0016137505263130205,0,2
2021-02-12,0.00492756470332675,1,0
2021-02-16,-0.0008663083070397093,2,0
2021-02-17,0.0002293899511771246,2,2
2021-02-18,-0.00426505224434416,2,2
2021-02-19,-0.0017675316801529283,2,2
2021-02-22,-0.007721449837032122,2,2
2021-02-23,0.0012136393882467825,2,2
2021-02-24,0.010959084107023828,2,2
2021-02-25,-0.02439082287298519,2,1
2021-02-26,-0.005165937356196809,2,1
2021-03-01,0.023951063077206795,0,0
2021-03-02,-0.00783388019112867,0,1
2021-03-03,-0.013334225380949319,0,1
2021-03-04,-0.012452015478377114,0,1
2021-03-05,0.018229431718389397,0,2
2021-03-08,-0.004991190867331691,0,2
2021-03-09,0.014176517512846978,0,0
2021-03-10,0.006205362686550293,0,0
2021-03-11,0.010088068084801373,0,0
2021-03-12,0.0013458781345700166,0,0
2021-03-15,0.005945847213205367,0,0
2021-03-16,-0.0012621164841791108,2,0
2021-03-17,0.0034040654679617643,2,0
2021-03-18,-0.014656549607190868,0,0
2021-03-19,-0.005121912447063258,2,2
2021-03-22,0.007953294189883874,2,0
2021-03-23,-0.007901944989636514,0,0
2021-03-24,-0.005096404946075616,0,2
2021-03-25,0.005609751979936211,2,0
2021-03-26,0.015986492583889036,0,0
2021-03-29,-0.0005052036077950325,1,0
2021-03-30,-0.0026565144463534212,1,0
2021-03-31,0.004045210683968171,1,0
2021-04-01,0.010741187917951974,0,0
2021-04-05,0.014251080747019931,0,0
2021-04-06,-0.0005907837903223113,0,0
2021-04-07,0.0011566242630121652,0,0
2021-04-08,0.00473556601386389,0,0
2021-04-09,0.007243845775370538,0,0
2021-04-12,0.0003644624826222133,2,0
2021-04-13,0.002959371474552633,2,0
2021-04-14,-0.0034210463907216274,2,0
2021-04-15,0.010685205371241405,2,0
2021-04-16,0.003336817278764506,2,0
2021-04-19,-0.00492511236166273,2,0
2021-04-20,-0.007348530736098715,2,0
2021-04-21,0.00941762973238686,0,0
2021-04-22,-0.009175040822362123,0,0
2021-04-23,0.010784051628062957,0,0
2021-04-26,0.002085456499818627,0,0
2021-04-27,-0.00021553530671502723,0,0
2021-04-28,-0.0002874526920574004,0,0
2021-04-29,0.006352563574061006,1,0
2021-04-30,-0.0065921706196542685,2,0
2021-05-03,0.002154399397026225,2,0
2021-05-04,-0.00618840573196446,2,0
2021-05-05,0.00031273681046842987,2,0
2021-05-06,0.007953852334532231,2,0
2021-05-07,0.0072516633953202065,2,0
2021-05-10,-0.009951752250937454,2,0
2021-05-11,-0.008964789955781326,2,1
2021-05-12,-0.02147419088693625,0,2
2021-05-13,0.011940952729975805,0,1
2021-05-14,0.015238666554026831,0,0
2021-05-17,-0.0025477720787986644,0,0
2021-05-18,-0.008653040238106712,0,0
2021-05-19,-0.0026251838119664504,0,0
2021-05-20,0.0107004676546085,0,0
2021-05-21,-0.0008190600539800562,0,0
2021-05-24,0.01014263409545412,0,0
2021-05-25,-0.0022211351245904954,0,0
2021-05-26,0.0019825399717120456,0,0
2021-05-27,0.0005248342121522201,1,0
2021-05-28,0.0017871402180712071,1,0
2021-06-01,-0.0008812566813437641,2,0
2021-06-02,0.00157142889480084,2,0
2021-06-03,-0.003718273858473231,2,0
2021-06-04,0.009104261989179973,0,0
2021-06-07,-0.0009706555053703371,0,0
2021-06-08,0.00021315144490800648,0,0
2021-06-09,-0.0014930151008434797,0,2
2021-06-10,0.004637634604537581,0,0
2021-06-11,0.0016510995353906704,2,2
2021-06-14,0.002236426417976686,2,2
2021-06-15,-0.001835856189125848,2,2
2021-06-16,-0.00559894681313816,2,2
2021-06-17,-0.00033172211469007103,2,0
2021-06-18,-0.01684849089797399,1,2
2021-06-21,0.01421450624684998,0,0
2021-06-22,0.005331955710690998,0,0
2021-06-23,-0.0012060873392119639,0,0
2021-06-24,0.005898330182788227,0,0
2021-06-25,0.0035458115604477046,0,0
2021-06-28,0.0020138635506151423,1,0
2021-06-29,0.0005379047570557724,2,0
2021-06-30,0.0008413574395543356,2,2
2021-07-01,0.005521336348274516,2,0
2021-07-02,0.007614455583289667,2,2
2021-07-06,-0.0018231124878851778,2,0
2021-07-07,0.003527828512688284,2,0
2021-07-08,-0.008181422602792495,1,2
2021-07-09,0.010618261437109413,0,0
2021-07-12,0.0035755252394434013,2,0
2021-07-13,-0.00341481074839022,2,0
2021-07-14,0.0014911166636517453,2,0
2021-07-15,-0.0034213973834137574,2,0
2021-07-16,-0.007874511010557299,2,2
2021-07-19,-0.014878064026179113,2,1
2021-07-20,0.014228713354011657,0,0
2021-07-21,0.008063721331801417,0,0
2021-07-22,0.0020919307407038026,0,0
2021-07-23,0.010235410353404478,0,0
2021-07-26,0.0024518719148446753,0,0
2021-07-27,-0.0045680340334088325,0,0
2021-07-28,-0.0004100975178226575,1,0
2021-07-29,0.0041388152044790774,1,0
2021-07-30,-0.004868292976358439,2,2
2021-08-02,-0.0021002176422100205,2,0
2021-08-03,0.008102554741012647,0,0
2021-08-04,-0.004931099717303744,0,0
2021-08-05,0.006312894231034348,0,0
2021-08-06,0.001651117140725153,0,0
2021-08-09,-0.0008139088419286315,0,0
2021-08-10,0.0012432049159437405,1,0
2021-08-11,0.0024817827416857606,2,0
2021-08-12,0.002992498492541449,2,0
2021-08-13,0.0018181211028260626,2,0
2021-08-16,0.0023519145337195283,2,0
2021-08-17,-0.006576829802911143,2,2
2021-08-18,-0.011005296646600982,0,2
2021-08-19,0.0015471426457048332,1,2
2021-08-20,0.007925586651118114,0,0
2021-08-23,0.008757999883902853,0,0
2021-08-24,0.0015861848884918582,0,0
2021-08-25,0.002096156329021839,1,0
2021-08-26,-0.00592068040972779,0,2
2021-08-27,0.008901242249708202,0,0
2021-08-30,0.004387915913653523,0,0
2021-08-31,-0.0014826455763727044,0,0
2021-09-01,0.0005313496405568216,0,0
2021-09-02,0.003071859563178311,1,0
2021-09-03,-0.00024275326456844163,2,2
2021-09-07,-0.0035819349770811436,2,2
2021-09-08,-0.0012190123078291487,2,0
2021-09-09,-0.0042894197272803575,2,2
2021-09-10,-0.007915785614322024,2,2
2021-09-13,0.0025559978938741105,2,0
2021-09-14,-0.00541118356571289,2,0
2021-09-15,0.008317967357834782,2,0
2021-09-16,-0.0015865038800562123,2,0
2021-09-17,-0.012987341689304007,2,0
2021-09-20,-0.016814798070629022,0,1
2021-09-21,-0.000945059828081171,2,1
2021-09-22,0.009707588655264391,1,0
2021-09-23,0.012076783481868766,0,0
2021-09-24,0.0016458311214935907,2,0
2021-09-27,-0.002865040592698327,2,0
2021-09-28,-0.020357633985873,0,2
2021-09-29,0.0016816986812337234,1,0
2021-09-30,-0.012297657268279926,1,0
2021-10-01,0.011814170629569253,0,0
2021-10-04,-0.012979970850205805,0,0
2021-10-05,0.010351242424282498,0,0
2021-10-06,0.0041474713830116205,0,0
2021-10-07,0.008608505929686946,0,0
2021-10-08,-0.0018254009540894956,1,0
2021-10-11,-0.007266091219878854,2,0
2021-10-12,-0.0024645588363665784,2,0
2021-10-13,0.003591164080431317,2,0
2021-10-14,0.01668072584460814,0,0
2021-10-15,0.007586965262952675,0,0
2021-10-18,0.002956130520363021,0,0
2021-10-19,0.007685234355158772,0,0
2021-10-20,0.003920053743659004,0,0
2021-10-21,0.002604857985032252,1,0
2021-10-22,-0.0010367152498493223,2,0
2021-10-25,0.005348489094567122,1,0
2021-10-26,0.0008996062087102942,2,2
2021-10-27,-0.004440055651254183,2,2
2021-10-28,0.009602599382998725,0,0
2021-10-29,0.0020270939949127023,0,0
2021-11-01,0.001718718129145665,0,0
2021-11-02,0.004034975212179082,0,2
2021-11-03,0.00608665624771752,0,0
2021-11-04,0.004701445925752468,1,2
2021-11-05,0.0034636141698959014,2,2
2021-11-08,0.0008533697955639009,2,2
2021-11-09,-0.003310872287829083,2,2
2021-11-10,-0.008077380114112818,0,0
2021-11-11,0.0003234885028047634,1,0
2021-11-12,0.0075185093815795054,0,0
2021-11-15,0.0003423558394410532,0,2
2021-11-16,0.003950000331767804,0,0
2021-11-17,-0.00243220874738256,0,2
2021-11-18,0.0033906650672278155,2,0
2021-11-19,-0.0017898621897092797,2,2
2021-11-22,-0.0028191292190243014,2,2
2021-11-23,0.001325126294615269,2,2
2021-11-24,0.0026662985197490018,2,2
2021-11-26,-0.022555646507219543,2,2
2021-11-29,0.01219197188891154,2,0
2021-11-30,-0.019649388930158496,1,0
2021-12-01,-0.011169354357757736,0,2
2021-12-02,0.015200204540288028,0,0
2021-12-03,-0.00873943332799713,0,0
2021-12-06,0.011773740767458187,0,0
2021-12-07,0.020473818583329997,0,0
2021-12-08,0.0026444886386074984,0,0
2021-12-09,-0.006774471077206455,0,0
2021-12-10,0.00936949944093743,1,0
2021-12-13,-0.008897861992757229,1,0
2021-12-14,-0.006903772863755699,2,2
2021-12-15,0.015504186535965254,2,0
2021-12-16,-0.008857642886292138,2,0
2021-12-17,-0.01420699256084431,2,0
2021-12-20,-0.010690378905226562,1,0
2021-12-21,0.017603173382153097,0,0
2021-12-22,0.009949047952923937,0,0
2021-12-23,0.006202793017285818,0,0
2021-12-27,0.014052939471808117,0,0
2021-12-28,-0.0008174987092322511,0,0
2021-12-29,0.0012783571709995747,2,0
2021-12-30,-0.002768342022165232,2,0
2021-12-31,-0.0025233422422525262,2,0
2022-01-03,0.005773263854750584,2,0
2022-01-04,-0.00033498733642396797,2,0
2022-01-05,-0.019388934217042623,0,0
2022-01-06,-0.0009398496932422736,0,0
2022-01-07,-0.003961334045391534,0,0
2022-01-10,-0.0012451697615678227,2,0
2022-01-11,0.009067059530072372,2,0
2022-01-12,0.0026999176663325985,2,0
2022-01-13,-0.013874414215684552,2,0
2022-01-14,0.0004089319400545041,2,0
2022-01-18,-0.017868279694227964,2,0
2022-01-19,-0.010437864517711328,1,1
2022-01-20,-0.011129775432800469,0,0
2022-01-21,-0.01982590680609334,0,0
2022-01-24,0.0042377771834913825,1,2
2022-01-25,-0.012284126974367588,2,0
2022-01-26,-0.0025119561517574704,2,2
2022-01-27,-0.004950161619893236,2,2
2022-01-28,0.024531973836039653,2,0
2022-01-31,0.017850809254741543,0,0
2022-02-01,0.0067341813535983465,0,0
2022-02-02,0.00966721798707684,0,0
2022-02-03,-0.02378562269631603,0,0
2022-02-04,0.004691173575880018,1,0
2022-02-07,-0.0032144319833665373,2,0
2022-02-08,0.008194211959794933,2,0
2022-02-09,0.014530019629271236,1,0
2022-02-10,-0.01812898381426887,2,0
2022-02-11,-0.019915693422623563,0,2
2022-02-14,-0.0032746652267514284,1,2
2022-02-15,0.015998172010225478,0,0
2022-02-16,0.0011201972718384212,2,1
2022-02-17,-0.021592853964051223,1,0
2022-02-18,-0.006496137800534824,2,2
2022-02-22,-0.010789639287446902,2,2
2022-02-23,-0.017897884750049015,2,2
2022-02-24,0.0149370610173498,1,2
2022-02-25,0.02182408654463582,0,0
2022-02-28,-0.002561816630155462,2,2
2022-03-01,-0.015347458557803808,1,2
2022-03-02,0.018229041304612108,2,2
2022-03-03,-0.0049908528504182354,2,2
2022-03-04,-0.00815785507767207,2,2
2022-03-07,-0.029922382686680685,0,2
2022-03-08,-0.007610605373189322,1,2
2022-03-09,0.026457698602596395,0,0
2022-03-10,-0.004525796513785702,0,0
2022-03-11,-0.012796579326729342,0,2
2022-03-14,-0.007335142257933291,2,2
2022-03-15,0.021752105899755896,0,0
2022-03-16,0.021931975988524546,0,0
2022-03-17,0.012433289322195635,0,0
2022-03-18,0.007791455308168362,0,0
2022-03-21,-0.00029249305537527344,0,0
2022-03-22,0.011633501077171562,0,0
2022-03-23,-0.012962045840748348,1,0
2022-03-24,0.014961868745260972,1,0
2022-03-25,0.004871685270060129,1,0
2022-03-28,0.007087857099808876,0,0
2022-03-29,0.012294968822537068,0,0
2022-03-30,-0.006193988833034221,2,0
2022-03-31,-0.015510999290804899,0,0
2022-04-01,0.002830107133517396,0,0
2022-04-04,0.008530148895961725,2,0
2022-04-05,-0.012711802204395911,0,0
2022-04-06,-0.010049663990873134,0,1
2022-04-07,0.005026314907947837,2,2
2022-04-08,-0.00267755699161269,2,0
2022-04-11,-0.017240057863307297,1,2
2022-04-12,-0.0037121004582976176,2,2
2022-04-13,0.011388507842390453,2,0
2022-04-14,-0.012529956235888151,2,0
2022-04-18,0.0004110715322341491,2,1
2022-04-19,0.016013750887039567,2,0
2022-04-20,-0.0007417814332827163,2,0
2022-04-21,-0.015066497037705757,2,0
2022-04-22,-0.027822648721084326,2,2
2022-04-25,0.00578083641343121,2,2
2022-04-26,-0.029388458999500523,1,2
2022-04-27,0.0028078782982528193,2,2
2022-04-28,0.024945677497025965,2,0
2022-04-29,-0.0376558224346479,0,0
2022-05-02,0.006001373157006514,1,2
2022-05-03,0.004573582341094686,2,2
2022-05-04,0.029998464440732057,1,0
2022-05-05,-0.03618983800502072,0,0
2022-05-06,-0.005986808162025351,0,2
2022-05-09,-0.03254107335495974,0,2
2022-05-10,0.002307905597570267,0,2
2022-05-11,-0.016013678228193426,1,2
2022-05-12,-0.0010444663344910737,2,2
2022-05-13,0.023626517723898843,1,0
2022-05-16,-0.004065806725860172,2,2
2022-05-17,0.02036165891709229,2,0
2022-05-18,-0.041146547573749526,0,0
2022-05-19,-0.006143468869188648,0,2
2022-05-20,0.00043640658382996524,0,2
2022-05-23,0.018537178188778623,0,0
2022-05-24,-0.007663066545539893,0,0
2022-05-25,0.008796154078168554,2,2
2022-05-26,0.019784369832886017,2,0
2022-05-27,0.02425262367027174,0,0
2022-05-31,-0.0056267430115297945,0,0
2022-06-01,-0.008121427705527323,0,0
2022-06-02,0.01886437715712511,0,0
2022-06-03,-0.016547670232862254,2,0
2022-06-06,0.0030401443769727484,2,0
2022-06-07,0.009546554201339374,2,0
2022-06-08,-0.010931713776889373,2,0
2022-06-09,-0.024070268472343417,2,2
2022-06-10,-0.029424295544651723,2,2
2022-06-13,-0.03870776110304963,0,0
2022-06-14,-0.0030178825634185466,0,2
2022-06-15,0.014155626973874524,0,0
2022-06-16,-0.03365605584105827,0,0
2022-06-17,-0.002156967976656268,0,2
2022-06-21,0.024861928653870734,0,0
2022-06-22,-0.0018146403719978671,0,0
2022-06-23,0.009754878336994106,0,0
2022-06-24,0.03129893311088748,0,0
2022-06-27,-0.003827043082632408,0,0
2022-06-28,-0.02064448545805269,0,2
2022-06-29,-0.00081472822809159,0,2
2022-06-30,-0.008157491876171727,0,2
2022-07-01,0.010521000421466828,0,0
2022-07-05,0.0018867930125766356,0,0
2022-07-06,0.0033716266699216862,2,0
2022-07-07,0.01486611859521974,0,0
2022-07-08,-0.0008229818122606204,2,0
2022-07-11,-0.011489322917771367,2,1
2022-07-12,-0.008888250290396327,2,1
2022-07-13,-0.005265525685064341,2,1
2022-07-14,-0.0024314836093292133,2,1
2022-07-15,0.01892486759802777,2,0
2022-07-18,-0.00829122964298048,2,0
2022-07-19,0.026660668216310957,0,0
2022-07-20,0.006352938626479151,0,0
2022-07-21,0.01013164571745879,0,0
2022-07-22,-0.009321375498666339,1,0
2022-07-25,0.0012141756481139922,2,0
2022-07-26,-0.0119015722156597,2,0
2022-07-27,0.02563498247384251,0,0
2022-07-28,0.012464385578038207,0,0
2022-07-29,0.014473518677013943,0,0
2022-08-01,-0.002965630060173885,0,0
2022-08-02,-0.006619224734524029,0,0
2022-08-03,0.015538117621932792,0,0
2022-08-04,-0.0006758224775099325,1,0
2022-08-05,-0.0016915571188269617,2,1
2022-08-08,-0.0011615808483673073,2,2
2022-08-09,-0.0039789459778915934,2,1
2022-08-10,0.020786467855213823,0,0
2022-08-11,0.0,0,0
2022-08-12,0.016787276377267506,0,0
2022-08-15,0.00411234749366391,1,0
2022-08-16,0.0019567654398648256,1,0
2022-08-17,-0.007123285798355576,2,0
2022-08-18,0.002902148220846789,2,1
2022-08-19,-0.013529140630968878,2,0
2022-08-22,-0.02104232087378698,2,0
2022-08-23,-0.002422188419320248,2,0
2022-08-24,0.003196051242395129,2,0
2022-08-25,0.014018809003647593,2,0
2022-08-26,-0.034435157113851915,0,0
2022-08-29,-0.006634180333731106,0,2
2022-08-30,-0.011038521754516226,0,0
2022-08-31,-0.007638147017636621,0,2
2022-09-01,0.0031328979641779635,0,0
2022-09-02,-0.010600357926871508,2,0
2022-09-06,-0.0037803365582360863,2,2
2022-09-07,0.017805527850358546,2,0
2022-09-08,0.00651500750846982,2,0
2022-09-09,0.015415805050676233,2,0
2022-09-12,0.010690317937161619,2,0
2022-09-13,-0.04445618670359325,0,0
2022-09-14,0.003808561160700413,0,2
2022-09-15,-0.011418209484700738,0,0
2022-09-16,-0.011757561188046916,0,2
2022-09-19,0.0077250387394838076,0,0
2022-09-20,-0.011544961529054014,2,2
2022-09-21,-0.017597764628122084,1,2
2022-09-22,-0.008435275731988906,2,2
2022-09-23,-0.01689680039347839,2,2
2022-09-26,-0.009941905830906185,2,2
2022-09-27,-0.0025560348674072506,2,2
2022-09-28,0.019485294443738185,2,2
2022-09-29,-0.02111025865273874,2,2
2022-09-30,-0.015584298071940119,2,2
2022-10-03,0.026058756327073728,1,0
2022-10-04,0.030516214670220646,0,0
2022-10-05,-0.0023309416428924767,0,0
2022-10-06,-0.01036941677456693,0,2
2022-10-07,-0.028290314507894862,0,2
2022-10-10,-0.007664569002735405,1,2
2022-10-11,-0.006353119897458728,2,2
2022-10-12,-0.003303936926799401,2,2
2022-10-13,0.026048834190455606,1,2
2022-10-14,-0.023052430430736105,1,2
2022-10-17,0.025372332124866594,0,0
2022-10-18,0.011681141019963441,0,0
2022-10-19,-0.007111693913458658,0,0
2022-10-20,-0.008420700791215187,0,2
2022-10-21,0.024010887177777527,0,2
2022-10-24,0.012162240310234919,1,0
2022-10-25,0.01584238216201173,0,0
2022-10-26,-0.007562557231211199,2,0
2022-10-27,-0.005354343500594947,2,0
2022-10-28,0.023512136422152028,1,0
2022-10-31,-0.0072494931998346905,1,0
2022-11-01,-0.004385459781095949,2,0
2022-11-02,-0.025416503996650883,0,0
2022-11-03,-0.010350282778889134,2,0
2022-11-04,0.014290545058465668,2,0
2022-11-07,0.009520103635252866,2,0
2022-11-08,0.005380943490781318,2,0
2022-11-09,-0.02081727800580973,2,0
2022-11-10,0.05349731604908333,0,0
2022-11-11,0.009631945368455177,0,0
2022-11-14,-0.008543075785934372,0,0
2022-11-15,0.008492887580152254,0,0
2022-11-16,-0.007658046847095477,0,0
2022-11-17,-0.003064496060325931,0,1
2022-11-18,0.004530105055677471,2,1
2022-11-21,-0.003642714811980984,2,0
2022-11-22,0.013367264703975644,2,0
2022-11-23,0.006281803486928179,2,0
2022-11-25,-0.00022367194874245962,2,0
2022-11-28,-0.016085734694110627,2,0
2022-11-29,-0.0017190387730498372,2,0
2022-11-30,0.031014679019945916,0,0
2022-12-01,-0.0007361421577494752,0,0
2022-12-02,-0.0011543800174218385,0,0
2022-12-05,-0.01815300933233039,0,0
2022-12-06,-0.014519677330389306,0,0
2022-12-07,-0.0017026904074242595,0,0
2022-12-08,0.0078034345815536,2,0
2022-12-09,-0.007498261902312391,2,0
2022-12-12,0.014314269376619941,2,0
2022-12-13,0.007541363214336442,2,0
2022-12-14,-0.0064140379869115855,2,0
2022-12-15,-0.02476585012445258,0,0
2022-12-16,-0.016457869209277255,0,0
2022-12-19,-0.00851581873359917,0,2
2022-12-20,0.001367413697868956,0,0
2022-12-21,0.014841750323798428,0,0
2022-12-22,-0.014368850123197928,0,0
2022-12-23,0.005735777808863058,1,0
2022-12-27,-0.003951281455399467,2,0
2022-12-28,-0.012505769399717388,0,0
2022-12-29,0.017840231084774682,1,0
2022-12-30,-0.0026375248684724715,2,0
2023-01-03,-0.004218807436469645,2,2
2023-01-04,0.0076905346473747,2,2
2023-01-05,-0.011479015895231615,2,2
2023-01-06,0.0226731626383842,0,0
2023-01-09,-0.0005670541688662555,0,2
2023-01-10,0.0069883640865416,0,2
2023-01-11,0.012568540974635067,0,0
2023-01-12,0.0036341651142196693,1,2
2023-01-13,0.003871978286778857,2,2
2023-01-17,-0.001833549435532696,2,2
2023-01-18,-0.015913976474265158,2,0
2023-01-19,-0.007306507066609511,2,2
2023-01-20,0.018457669774628,0,0
2023-01-23,0.011927173067783311,0,0
2023-01-24,-0.0010738859466406948,0,2
2023-01-25,0.0003747423690099632,1,2
2023-01-26,0.01093042803910157,2,0
2023-01-27,0.0022950789290190616,2,2
2023-01-30,-0.012626211122781377,2,2
2023-01-31,0.01459626692149429,2,2
2023-02-01,0.01057175076892661,1,2
2023-02-02,0.014452026588540324,0,0
2023-02-03,-0.010686001363579114,0,2
2023-02-06,-0.006130063711859043,0,2
2023-02-07,0.012993807215710453,0,2
2023-02-08,-0.010994976597014684,0,2
2023-02-09,-0.008706978968159723,0,2
2023-02-10,0.002330917596276734,0,2
2023-02-13,0.011670677130981681,2,2
2023-02-14,-0.000460343812265346,2,2
2023-02-15,0.0032421213466098373,2,2
2023-02-16,-0.013864449944346924,2,2
2023-02-17,-0.0025014114129287036,2,2
2023-02-21,-0.020264846758444924,0,2
2023-02-22,-0.0013790857594857767,0,2
2023-02-23,0.0053053177490683745,0,2
2023-02-24,-0.010739840257304857,0,2
2023-02-27,0.0034000360164898186,0,2
2023-02-28,-0.003702821646578554,2,2
2023-03-01,-0.0038432411401512784,2,2
2023-03-02,0.007747184038381961,2,2
2023-03-03,0.015910560071522653,2,0
2023-03-06,0.0006925036756851097,2,2
2023-03-07,-0.015447400871124195,2,2
2023-03-08,0.0016307282932402868,2,2
2023-03-09,-0.01862213514043767,1,2
2023-03-10,-0.014534578736324003,1,2
2023-03-13,-0.0014262193349402262,2,2
2023-03-14,0.016394864643464138,1,2
2023-03-15,-0.006273947930216966,2,2
2023-03-16,0.017393071423942103,1,2
2023-03-17,-0.01557085268984003,0,0
2023-03-20,0.009569695222626741,0,2
2023-03-21,0.01304503454478312,0,0
2023-03-22,-0.017193414865615837,0,0
2023-03-23,0.0026996756412876735,0,2
2023-03-24,0.0065406104487253924,0,2
2023-03-27,0.0018681213147759624,1,2
2023-03-28,-0.0022472203273405217,2,2
2023-03-29,0.014430264829028837,1,0
2023-03-30,0.005838163281309164,1,2
2023-03-31,0.013996219080722017,0,0
2023-04-03,0.003803305654891863,0,2
2023-04-04,-0.005563568192875277,0,2
2023-04-05,-0.002621683053063882,0,2
2023-04-06,0.003893294502626768,0,2
2023-04-10,0.001025891638582921,2,2
2023-04-11,0.00026851207855412625,2,2
2023-04-12,-0.004084283653082067,2,2
2023-04-13,0.013195244525946406,0,2
2023-04-14,-0.002445729065297396,0,2
2023-04-17,0.0035818044101713262,0,2
2023-04-18,0.0006520558100983468,2,2
2023-04-19,-0.00016901068429200423,2,2
2023-04-20,-0.005472036123328575,2,2
2023-04-21,0.0007766236678086255,2,2
2023-04-24,0.0010426391837209052,2,2
2023-04-25,-0.016001123114056864,2,2
2023-04-26,-0.00424461424016596,2,2
2023-04-27,0.0197124298655815,0,2
2023-04-28,0.008498976720200236,0,0
2023-05-01,-0.0010102954770624826,0,0
2023-05-02,-0.011302837096972707,0,2
2023-05-03,-0.006887651487020474,0,2
2023-05-04,-0.007108189555238636,2,2
2023-05-05,0.018343304384735255,0,0
2023-05-08,0.00026654712589809285,0,2
2023-05-09,-0.004394971076914709,0,2
2023-05-10,0.004661447174374589,0,2
2023-05-11,-0.0017454973037059438,0,0
2023-05-12,-0.0013111253274346358,2,2
2023-05-15,0.0034440975106645386,2,2
2023-05-16,-0.006705075772761216,2,2
2023-05-17,0.012065853606519992,2,0
2023-05-18,0.009587111754964073,1,0
2023-05-19,-0.001456108152484133,2,0
2023-05-22,0.00040601378616302573,2,2
2023-05-23,-0.011286259461766542,1,2
2023-05-24,-0.007271172877377287,2,2
2023-05-25,0.00862262227099355,2,0
2023-05-26,0.012867538294069412,0,0
2023-05-30,0.0003808617041992201,0,2
2023-05-31,-0.005560674448036189,1,2
2023-06-01,0.009456166310023306,0,0
2023-06-02,0.01435757946552626,0,0
2023-06-05,-0.0019180843755738138,0,2
2023-06-06,0.002175108735888259,0,2
2023-06-07,-0.0034636932286051863,0,2
2023-06-08,0.006030309971934486,1,2
2023-06-09,0.0017927201755973496,2,2
2023-06-12,0.009030974890538312,2,2
2023-06-13,0.006571261842196479,2,2
2023-06-14,0.0011901493668857574,2,2
2023-06-15,0.012321418015093063,0,2
2023-06-16,-0.007119727147828585,0,2
2023-06-20,-0.005201690867264468,0,2
2023-06-21,-0.005136919061014928,0,2
2023-06-22,0.003603193983842244,0,2
2023-06-23,-0.007588685638426101,2,2
2023-06-26,-0.004094147857286013,2,2
2023-06-27,0.010903624582472378,0,2
2023-06-28,0.0005042633278210447,1,2
2023-06-29,0.003933681458931787,1,2
2023-06-30,0.011731604160897278,0,2
2023-07-03,0.00114985301315995,0,2
2023-07-05,-0.0014882968516360822,1,2
2023-07-06,-0.007861479788647057,0,2
2023-07-07,-0.002527870534580391,0,2
2023-07-10,0.002527870534580404,2,2
2023-07-11,0.00634836394986942,2,2
2023-07-12,0.008013729182131306,0,2
2023-07-13,0.007905532586094523,0,2
2023-07-14,-0.0006230252526748096,0,2
2023-07-17,0.003466207976486329,0,2
2023-07-18,0.007403103322491585,0,2
2023-07-19,0.002221270115751745,0,2
2023-07-20,-0.006656552163950952,0,2
2023-07-21,0.0,2,2
2023-07-24,0.004457299023287818,2,2
2023-07-25,0.002726354971368363,2,2
2023-07-26,0.000153685713019891,2,2
2023-07-27,-0.006652006907575774,2,2
2023-07-28,0.009742657417475726,2,2
2023-07-31,0.0019022428143197323,2,2
2023-08-01,-0.0028656762148763105,2,2
2023-08-02,-0.014008457532295803,0,2
2023-08-03,-0.0028699531362286835,0,2
2023-08-04,-0.004533028473386248,0,2
2023-08-07,0.008690668835189467,0,0
2023-08-08,-0.00435817735598018,0,2
2023-08-09,-0.006707683059238894,2,2
2023-08-10,0.0003588811917485563,2,2
2023-08-11,-0.0005832473582721206,2,2
2023-08-14,0.005504847413584413,2,2
2023-08-15,-0.011717305776204584,0,2
2023-08-16,-0.007365222013406618,1,2
2023-08-17,-0.007649050342971099,2,2
2023-08-18,0.00048121542192835354,2,2
2023-08-21,0.006485225506382827,2,2
2023-08-22,-0.002712283284180018,2,2
2023-08-23,0.011076170340667732,2,0
2023-08-24,-0.013956040679928571,1,0
2023-08-25,0.007025095607040572,0,2
2023-08-28,0.006321319747784041,0,0
2023-08-29,0.014351309186914706,0,0
2023-08-30,0.004110340501526294,0,2
2023-08-31,-0.0014644539761124395,0,2
2023-09-01,0.0018634785879243847,0,2
2023-09-05,-0.0043312707228408305,0,2
2023-09-06,-0.006745162151571515,1,2
2023-09-07,-0.0030749572524875293,2,2
2023-09-08,0.001504992590636672,2,2
2023-09-11,0.006555053282598962,2,2
2023-09-12,-0.0055006623199777786,2,2
2023-09-13,0.0011652662382967427,2,2
2023-09-14,0.008585466452598693,2,2
2023-09-15,-0.015642627040338787,1,2
2023-09-18,0.0005862457890562757,1,2
2023-09-19,-0.0020759535401795267,2,2
2023-09-20,-0.009235897047674732,2,2
2023-09-21,-0.016666477752474377,0,2
2023-09-22,-0.0022510771738795798,0,2
2023-09-25,0.00419637780353996,0,2
2023-09-26,-0.014800237526573553,0,2
2023-09-27,0.00039909382755964483,0,2
2023-09-28,0.00578070112039234,1,2
2023-09-29,-0.0024299077376612977,2,2
2023-10-02,-0.00039775851903122946,2,2
2023-10-03,-0.013476467356901502,2,2
2023-10-04,0.007255570972884423,0,2
2023-10-05,-0.0003768430022458004,1,2
2023-10-06,0.011802862884746777,0,0
2023-10-09,0.0063817906856858475,0,2
2023-10-10,0.005191340985260642,0,0
2023-10-11,0.004087918790183203,2,2
2023-10-12,-0.006115102161206689,2,2
2023-10-13,-0.004993306412589051,2,2
2023-10-16,0.010466471736675266,2,0
2023-10-17,-4.5868403558294294e-05,2,2
2023-10-18,-0.01341465229080621,2,2
2023-10-19,-0.008825234716263508,2,2
2023-10-20,-0.012364188561956037,0,2
2023-10-23,-0.0017346882505940376,2,2
2023-10-24,0.007511082712290534,2,2
2023-10-25,-0.014456135150031866,1,2
2023-10-26,-0.012046887048886217,2,2
2023-10-27,-0.004543088119588232,2,2
2023-10-30,0.011884874907133232,1,2
2023-10-31,0.006260589656635804,1,2
2023-11-01,0.010608286339472917,1,0
2023-11-02,0.01898301712667409,0,0
2023-11-03,0.009082042898631277,0,0
2023-11-06,0.0022978479285109352,0,2
2023-11-07,0.0028420179107287785,2,2
2023-11-08,0.0007321147001603099,2,2
2023-11-09,-0.007829311365906304,2,2
2023-11-10,0.015484327901075597,2,0
2023-11-13,-0.0009536785463956244,2,2
2023-11-14,0.01921491867668443,0,0
2023-11-15,0.0021148481296500133,0,2
2023-11-16,0.0012223446088626049,0,2
2023-11-17,0.0012430358307394418,0,2
2023-11-20,0.007668122209848631,0,2
2023-11-21,-0.002181746923410964,0,2
2023-11-22,0.0038533996090087063,0,2
2023-11-24,0.0006151683118686702,0,2
2023-11-27,-0.0018026340918649685,1,2
2023-11-28,0.000989652712699425,2,2
2023-11-29,-0.000703652424749553,2,2
2023-11-30,0.0039297094510993445,2,2
2023-12-01,0.005898433267255992,2,2
2023-12-04,-0.0052632275159039685,2,2
2023-12-05,-0.00019708964357722928,2,2
2023-12-06,-0.004037926834789402,2,2
2023-12-07,0.00760143420750511,2,2
2023-12-08,0.0042899361328545904,2,2
2023-12-11,0.003882068224571401,2,2
2023-12-12,0.00455680042129323,2,2
2023-12-13,0.013695912778304148,1,2
2023-12-14,0.003204212776369498,2,2
2023-12-15,-0.005694026049874386,2,2
2023-12-18,0.005609278491612816,2,2
2023-12-19,0.0060624809417910335,1,2
2023-12-20,-0.013954207975986498,0,2
2023-12-21,0.009437240589843948,0,2
2023-12-22,0.0020077145223528553,0,2
2023-12-26,0.004213637330922501,0,2
2023-12-27,0.001806419580446897,0,2
2023-12-28,0.00037767520381774963,1,2
2023-12-29,-0.0028991616945184652,2,2
2024-01-02,-0.005612065870819059,2,2
2024-01-03,-0.008200249894121091,2,2
2024-01-04,-0.003226257245218288,2,2
2024-01-05,0.0013686914027165624,2,2
2024-01-08,0.01417500286689283,0,2
2024-01-09,-0.0015182189151048907,0,2
2024-01-10,0.00563950823387367,0,2
2024-01-11,-0.00044075516764358595,2,2
2024-01-12,0.0006925280698169097,2,2
2024-01-16,-0.0036779814688094967,2,2
2024-01-17,-0.005574221059148539,2,2
2024-01-18,0.008853532820525922,2,2
2024-01-19,0.012389096018869524,0,2
2024-01-22,0.0021120643955134947,0,2
2024-01-23,0.0029122925438548578,0,2
2024-01-24,0.0010925020411555063,2,2
2024-01-25,0.005424187858880814,2,2
2024-01-26,-0.0012712213636788723,2,2
2024-01-29,0.007888216813165512,2,2
2024-01-30,-0.0007738047140204976,2,2
2024-01-31,-0.016451894529429734,1,2
2024-02-01,0.013003228233533132,0,2
2024-02-02,0.010472364530124796,0,2
2024-02-05,-0.003647790041453811,0,2
2024-02-06,0.0028990522367016284,0,0
2024-02-07,0.008305829540848039,0,0
2024-02-08,0.0004415808666524262,2,1
2024-02-09,0.005762782076023155,2,1
2024-02-12,-0.0004390428935598388,2,2
2024-02-13,-0.013868732731996753,0,2
2024-02-14,0.009046553411184943,2,0
2024-02-15,0.00687603900450576,2,0
2024-02-16,-0.004992421903817029,2,2
2024-02-20,-0.005520605828398444,2,2
2024-02-21,0.0009054599852001101,2,2
2024-02-22,0.020484238850910597,0,0
2024-02-23,0.0006894174695677843,0,0
2024-02-26,-0.0036692221391820532,0,2
2024-02-27,0.0018560207515768623,0,0
2024-02-28,-0.0013225556858260906,0,0
2024-02-29,0.0035885441826403403,2,2
2024-03-01,0.00934448925870076,2,0
2024-03-04,-0.0010730138082634994,2,0
2024-03-05,-0.010044420776265255,2,2
2024-03-06,0.005054439285673223,1,2
2024-03-07,0.009877491098168725,0,0
2024-03-08,-0.006020300103898986,0,0
2024-03-11,-0.0008602151068079921,1,2
2024-03-12,0.01069986668711092,0,0
2024-03-13,-0.0015686277726263758,1,0
2024-03-14,-0.001978815684699962,2,2
2024-03-15,-0.009992471754677103,0,2
2024-03-18,0.005925566624999984,0,0
2024-03-19,0.005541688545641708,0,0
2024-03-20,0.009206870737265695,0,0
2024-03-21,0.003299193539987298,0,0
2024-03-22,-0.001897624705687753,0,2
2024-03-25,-0.002766625523076243,0,2
2024-03-26,-0.0018486785291629195,1,2
2024-03-27,0.008368731542376877,2,2
2024-03-28,-0.00019116072852205465,2,2
2024-04-01,-0.001741243993994561,2,2
2024-04-02,-0.006378503854489534,2,2
2024-04-03,0.0010980015550518345,2,2
2024-04-04,-0.012281263923799508,2,2
2024-04-05,0.010392725630285291,2,0
2024-04-08,0.0005592248133013563,2,2
2024-04-09,0.0011560249447415537,2,2
2024-04-10,-0.01006356225012168,2,2
2024-04-11,0.007518541017551879,2,0
2024-04-12,-0.013899237222050371,0,0
2024-04-15,-0.012607278183044454,0,0
2024-04-16,-0.0018254335511998902,0,2
2024-04-17,-0.0059357994376956205,0,2
2024-04-18,-0.0020598565384254944,0,2
2024-04-19,-0.008766694663457628,2,2
2024-04-22,0.009166998900018871,2,0
2024-04-23,0.011796788784550795,1,0
2024-04-24,-0.0004747492819569324,2,0
2024-04-25,-0.003806130078024901,2,2
2024-04-26,0.009429276683316947,2,0
2024-04-29,0.0035352381858079476,2,0
2024-04-30,-0.015968087596702794,1,1
2024-05-01,-0.0032524247241546,1,0
2024-05-02,0.009309979915025782,0,0
2024-05-03,0.012319110453764142,0,0
2024-05-06,0.010273863060949281,0,0
2024-05-07,0.0011028239211585457,0,0
2024-05-08,9.668094329465807e-05,0,0
2024-05-09,0.005745369394033598,0,0
2024-05-10,0.0012872116358365086,2,0
2024-05-13,0.0001343892490622963,2,2
2024-05-14,0.004577631268572258,2,0
2024-05-15,0.01230691265287922,0,0
2024-05-16,-0.002059577286653515,0,0
2024-05-17,0.0014364831320756027,0,2
2024-05-20,0.0011514758093828892,0,2
2024-05-21,0.002449549942589936,1,2
2024-05-22,-0.0028835572520469624,2,2
2024-05-23,-0.007331036157671222,2,2
2024-05-24,0.006594679954583983,2,0
2024-05-28,0.000698607533723294,2,2
2024-05-29,-0.0070271429702637575,2,2
2024-05-30,-0.006655820739561021,2,0
2024-05-31,0.009066901482708827,0,0
2024-06-03,0.0008150345893141825,1,2
2024-06-04,0.0011172233430903386,1,2
2024-06-05,0.01181508674056735,0,0
2024-06-06,-1.870330019780303e-05,0,2
2024-06-07,-0.001216465476068699,0,2
2024-06-10,0.003085066064625991,1,2
2024-06-11,0.002405348862984784,1,2
2024-06-12,0.00817951161974446,1,0
2024-06-13,0.0020114233444897055,1,0
2024-06-14,0.0006081660296365605,2,2
2024-06-17,0.007927519771683995,0,0
2024-06-18,0.002537446938742902,0,0
2024-06-20,-0.002720245586542019,0,2
2024-06-21,-0.004562494744698358,0,2
2024-06-24,-0.003255923777701586,0,0
2024-06-25,0.003843435498935823,1,0
2024-06-26,0.001247317512265877,2,0
2024-06-27,0.001575265006846784,2,1
2024-06-28,-0.003942825049378484,2,2
2024-07-01,0.0020558764904829397,2,0
2024-07-02,0.006707202921154286,2,0
2024-07-03,0.004452650318184895,2,0
2024-07-05,0.005749948036161822,2,0
2024-07-08,0.001153236397093276,2,0
2024-07-09,0.0009720097966270446,2,2
2024-07-10,0.00984665205497975,2,0
2024-07-11,-0.00865992171701677,2,0
2024-07-12,0.006287695260978772,2,0
2024-07-15,0.002746274641366987,2,0
2024-07-16,0.005912711763135104,2,0
2024-07-17,-0.014120398634509987,2,0
2024-07-18,-0.0077145299686901024,2,0
2024-07-19,-0.006662757820810198,2,0
2024-07-22,0.010257057777279522,2,0
2024-07-23,-0.0015697882205588987,2,0
2024-07-24,-0.022923168831288386,0,0
2024-07-25,-0.005223975423526694,1,0
2024-07-26,0.011137391754578117,1,0
2024-07-29,0.0005875872368837046,2,0
2024-07-30,-0.005079329261110337,2,0
2024-07-31,0.016123920660358285,2,0
2024-08-01,-0.014262186129383783,2,0
2024-08-02,-0.01879394666788421,2,1
2024-08-05,-0.029556175110448443,0,0
2024-08-06,0.009177288733269463,0,0
2024-08-07,-0.006706340408373959,0,1
2024-08-08,0.022854107690647777,0,0
2024-08-09,0.004399992055931015,0,0
2024-08-12,0.0005252002446609306,1,0
2024-08-13,0.016311936946089543,0,0
2024-08-14,0.003149782948380894,0,0
2024-08-15,0.01699499338706148,0,0
2024-08-16,0.002239521245215976,0,0
2024-08-19,0.00951601550356654,0,0
2024-08-20,-0.0016274560736346034,0,0
2024-08-21,0.003430657690571998,0,0
2024-08-22,-0.00787941471390894,1,0
2024-08-23,0.010569240428314612,0,0
2024-08-26,-0.0023866359777309667,2,0
2024-08-27,0.00137212121140038,2,0
2024-08-28,-0.005822172787435674,2,0
2024-08-29,8.955357548638842e-05,2,0
2024-08-30,0.009500708701126247,2,0
2024-09-03,-0.020793751280581006,0,0
2024-09-04,-0.002048902378560329,1,0
2024-09-05,-0.0024351251402282216,1,2
2024-09-06,-0.016973351692077254,0,2
2024-09-09,0.011134025598169043,0,0
2024-09-10,0.004346244971666878,0,2
2024-09-11,0.010206667589763558,0,0
2024-09-12,0.008387939723531017,0,0
2024-09-13,0.005209181345082117,1,0
2024-09-16,0.0014757525903619296,2,0
2024-09-17,0.0004085584162131873,2,2
2024-09-18,-0.002970290408486168,2,2
2024-09-19,0.016920518845091718,0,0
2024-09-20,-0.004792720040221275,0,0
2024-09-23,0.0024957830727825358,0,0
2024-09-24,0.0028572199249817408,0,0
2024-09-25,-0.0022079319254054044,0,0
2024-09-26,0.003956795610045245,2,2
2024-09-27,-0.0014513409963401271,2,2
2024-09-30,0.0039992019980517,2,2
2024-10-01,-0.008998817706609517,2,2
2024-10-02,0.00042198544776417637,2,2
2024-10-03,-0.0018298910690843348,2,2
2024-10-04,0.009046345002780202,2,0
2024-10-07,-0.009081568052748004,1,0
2024-10-08,0.009413112792512116,0,0
2024-10-09,0.0069025145611961705,0,0
2024-10-10,-0.0017515417174031708,0,2
2024-10-11,0.0059703736197406964,0,1
2024-10-14,0.008145074671632304,0,0
2024-10-15,-0.0078000567272769284,0,1
2024-10-16,0.004337057603802122,0,1
2024-10-17,8.586270558673028e-05,0,2
2024-10-18,0.003839105268871988,0,1
2024-10-21,-0.0016435264181308073,1,1
2024-10-22,-0.0005312995540377734,2,2
2024-10-23,-0.009179353360714041,0,2
2024-10-24,0.0021603319757513505,2,2
2024-10-25,-0.00034533964496960936,2,2
2024-10-28,0.0030865552537514716,2,2
2024-10-29,0.001617065551064632,2,2
2024-10-30,-0.0030298358491037914,2,2
2024-10-31,-0.01979779980485798,2,2
2024-11-01,0.00421171477556377,2,0
2024-11-04,-0.002156287814492032,2,2
2024-11-05,0.0120192286940089,2,0
2024-11-06,0.024561496389508077,0,0
2024-11-07,0.00770239344983837,0,0
2024-11-08,0.004322338778288734,0,0
2024-11-11,0.0009524208080329197,0,0
2024-11-12,-0.0031112548724308913,0,0
2024-11-13,0.00048572554112622993,2,2
2024-11-14,-0.006450876604582226,2,2
2024-11-15,-0.012891366723243088,0,0
2024-11-18,0.004088940018545213,0,1
2024-11-19,0.0036488648401933068,0,1
2024-11-20,0.00033875339077332414,0,2
2024-11-21,0.005353973791504906,0,1
2024-11-22,0.0030945718366895045,2,1
2024-11-25,0.0033863104846350504,2,2
2024-11-26,0.00520791041713731,2,2
2024-11-27,-0.0030346506764830764,1,0
2024-11-29,0.006192897982499703,0,0
2024-12-02,0.0017907779744643418,0,2
2024-12-03,0.00046375276184341897,1,2
2024-12-04,0.006190334813620189,1,2
2024-12-05,-0.001647012691966246,2,2
2024-12-06,0.0018938307965044219,2,2
2024-12-09,-0.005162940647360091,2,2
2024-12-10,-0.0031139257281666607,2,0
2024-12-11,0.007700862673177611,2,0
2024-12-12,-0.005165923073789681,2,0
2024-12-13,-0.00019858672513011795,2,0
2024-12-16,0.004260947817455216,2,0
2024-12-17,-0.004128552285611204,2,0
2024-12-18,-0.030256723999342438,0,0
2024-12-19,-0.0003070676767162298,0,2
2024-12-20,0.008579368826738666,0,0
2024-12-23,0.005970469061106944,0,0
2024-12-24,0.011053716675293576,0,0
2024-12-26,6.652032198299545e-05,2,0
2024-12-27,-0.01058228624041855,1,0
2024-12-30,-0.011477184545126546,0,0
2024-12-31,-0.003644728551456477,1,2
2025-01-02,-0.002460025840862423,2,2
2025-01-03,0.012425898668003484,1,0
2025-01-06,0.005744092740666969,1,1
2025-01-07,-0.011368461698192505,2,2
2025-01-08,0.0014599534050094873,2,2
2025-01-10,-0.015385181844416077,0,2
2025-01-13,0.0015492136537416299,2,2
2025-01-14,0.0013750668214543903,2,2
2025-01-15,0.018026480285188926,0,2
2025-01-16,-0.0019249934179293732,0,0
2025-01-17,0.00998982425325709,0,0
2025-01-21,0.009111945972825356,0,0
2025-01-22,0.005605683184129089,0,0
2025-01-23,0.0054432418826487715,2,2
2025-01-24,-0.0029234984524875406,2,0
2025-01-27,-0.01424643506357488,0,2
2025-01-28,0.008555651121952734,0,0
2025-01-29,-0.004492973827814843,0,0
2025-01-30,0.005352790673669038,0,2
2025-01-31,-0.005336174271617979,0,2
2025-02-03,-0.006752332693607451,1,2
2025-02-04,0.0066858654287108065,1,2
2025-02-05,0.004046440015445117,1,2
2025-02-06,0.0034695294770691197,2,2
2025-02-07,-0.009195733722667531,0,0
2025-02-10,0.0067683276247509526,0,0
2025-02-11,0.0007602300888389014,0,2
2025-02-12,-0.0032266899846492007,1,2
2025-02-13,0.010502202720036824,2,0
2025-02-14,-4.920331631344751e-05,2,2
2025-02-18,0.0029315688499782803,2,2
2025-02-19,0.002352135156081447,2,2
2025-02-20,-0.0041690228861182435,2,2
2025-02-21,-0.01725206381789887,2,0
2025-02-24,-0.004560839881861268,2,0
2025-02-25,-0.004985532169610801,2,2
2025-02-26,0.0005047191345218317,2,2
2025-02-27,-0.016090683633896055,2,1
2025-02-28,0.015484990096299429,2,0
2025-03-03,-0.01767523412309218,2,0
2025-03-04,-0.01190746688596688,2,0
2025-03-05,0.010690494254774401,1,0
2025-03-06,-0.017910616610670373,1,0
2025-03-07,0.005589281764736165,2,1
2025-03-10,-0.02699680012812802,0,0
2025-03-11,-0.008347563026847447,0,1
2025-03-12,0.005292488963655007,0,1
2025-03-13,-0.013420118728424427,0,2
2025-03-14,0.02044532414242739,0,0
2025-03-17,0.007681725621321671,0,0
2025-03-18,-0.010867263493937702,0,0
2025-03-19,0.010831998832651152,0,0
2025-03-20,-0.002895942409903512,0,1
2025-03-21,-0.0026738220574662338,2,2
2025-03-24,0.01774996955398149,1,0
2025-03-25,0.002400961537538268,2,0
2025-03-26,-0.012010108961596242,1,0
2025-03-27,-0.002659224756887704,2,0
2025-03-28,-0.020343790839198347,2,0
2025-03-31,0.00669030790181233,2,0
2025-04-01,0.002820523844933686,2,2
2025-04-02,0.00630838438882758,2,1
2025-04-03,-0.05053653336302296,2,0
2025-04-04,-0.060326548115506085,2,0
2025-04-07,-0.0017827788332160732,2,0
2025-04-08,-0.015786751533991002,2,0
2025-04-09,0.09986283357347388,0,0
2025-04-10,-0.04480809185268924,0,0
2025-04-11,0.017685530675971325,0,0
2025-04-14,0.009654707541135678,0,0
2025-04-15,-0.002804790411545598,0,0
2025-04-16,-0.02247877432008865,0,0
2025-04-17,0.0014257608848264034,2,0
2025-04-21,-0.02409060162774479,2,0
2025-04-22,0.025685044195475088,0,0
2025-04-23,0.015376666278090485,0,0
2025-04-24,0.02083042852909907,0,0
2025-04-25,0.007199323924035108,0,0
2025-04-28,0.0003813016959653287,0,0
2025-04-29,0.0062795975330518445,0,0
2025-04-30,0.00039680392995782374,0,0
2025-05-01,0.007061960508589742,2,2
2025-05-02,0.014735031938352542,0,2
2025-05-05,-0.005750854144731125,2,0
2025-05-06,-0.008393452168488195,2,0
2025-05-07,0.004196622079458141,2,0
2025-05-08,0.0069436707361845195,2,0
2025-05-09,-0.0012750134541162756,2,2
2025-05-12,0.03251312680038858,0,0
2025-05-13,0.006582176726721667,0,0
2025-05-14,0.0012772155036144656,0,2
2025-05-15,0.004872468363891485,0,2
2025-05-16,0.0063140688895582265,0,0
2025-05-19,0.0010933098940278192,2,2
2025-05-20,-0.0033678570184555085,2,2
2025-05-21,-0.016994395612415697,2,1
2025-05-22,0.0003945280723588758,2,2
2025-05-23,-0.0068491061066177856,2,2
2025-05-27,0.020577350051717586,0,0
2025-05-28,-0.005802133541071826,0,0
2025-05-29,0.003939620303707172,0,0
2025-05-30,-0.0011191753186094886,0,0
2025-06-02,0.005617136840275297,0,0
2025-06-03,0.00568642178297005,2,2
2025-06-04,-0.0002684518732252705,2,2
2025-06-05,-0.004844498027883502,2,2
2025-06-06,0.010216581202681749,1,0
2025-06-09,0.0009008859320361195,2,2
2025-06-10,0.005653678300715158,2,2
2025-06-11,-0.00285610104150431,2,2
2025-06-12,0.0039664480975689425,2,2
2025-06-13,-0.011243091574180354,2,2
2025-06-16,0.009469262540485506,2,2
2025-06-17,-0.008581884182840926,0,2
2025-06-18,-0.00015063139688876312,1,2
2025-06-20,-0.005303271584205799,1,2
2025-06-23,0.009829035202201478,0,2
2025-06-24,0.010986663170780219,0,0
2025-06-25,0.0005601779535233621,0,2
2025-06-26,0.007793376552052447,0,0
2025-06-27,0.004956073986436595,0,2
2025-06-30,0.004769793916052953,0,2
2025-07-01,-0.00032375556737677426,2,2
2025-07-02,0.004523067237805917,2,2
2025-07-03,0.007850480601414028,1,2
2025-07-07,-0.007479850606759583,0,2
2025-07-08,-0.0005479363886263763,0,2
2025-07-09,0.005978802766439778,0,2
2025-07-10,0.0028162722233661245,0,2
2025-07-11,-0.003521581306208044,0,2
2025-07-14,0.0019063950087797872,2,2
2025-07-15,-0.004282455720792721,0,2
2025-07-16,0.003337722537631157,2,2
2025-07-17,0.006100988371448054,1,2
2025-07-18,-0.00073270578770567,2,2
2025-07-21,0.0018943771335627375,2,2
2025-07-22,0.00014312635696291893,2,2
2025-07-23,0.00847147346635673,0,2
2025-07-24,0.0003310657984092403,0,2
2025-07-25,0.004215433447535568,2,2
2025-07-28,-0.0002511695093421143,2,2
2025-07-29,-0.0026410957028047332,2,2
2025-07-30,-0.0012601205082383743,2,2
2025-07-31,-0.0037582749875794386,2,2
2025-08-01,-0.01652613779978061,2,2
2025-08-04,0.01508540927034103,0,2
2025-08-05,-0.005082845258532892,0,2
2025-08-06,0.007630415764893208,0,2
2025-08-07,-0.0008379248413242609,0,2
2025-08-08,0.007767304673703826,0,2
2025-08-11,-0.0019794209589211113,1,2
2025-08-12,0.010589723632381049,0,0
2025-08-13,0.0034172667188266254,0,2
2025-08-14,9.303479508046076e-05,0,2
2025-08-15,-0.0023440118153315328,2,2
2025-08-18,-0.00021760417885903445,2,2
2025-08-19,-0.005439921139343534,2,2
2025-08-20,-0.0026605750012675547,2,2
2025-08-21,-0.004019916535665689,2,2
2025-08-22,0.015240055749260446,0,0
2025-08-25,-0.004410698417700851,0,0
2025-08-26,0.004178224976744538,0,0
2025-08-27,0.002275912701790221,0,2
2025-08-28,0.003535181791426007,0,2
2025-08-29,-0.005981609371052626,2,2
2025-09-02,-0.0074378707816654625,1,2
2025-09-03,0.005404955487229947,0,2
2025-09-04,0.00832268158142734,0,2
2025-09-05,-0.002900430926529775,0,2
2025-09-08,0.0024535724114473703,0,2
2025-09-09,0.0023091854221836696,1,2
2025-09-10,0.00288666959246001,1,2
2025-09-11,0.008275867181647363,0,2
2025-09-12,-0.00033459058591749514,0,2
2025-09-15,0.005309800690638552,0,2
2025-09-16,-0.0013778382235956578,0,2
2025-09-17,-0.0012431966912957713,1,2
2025-09-18,0.004661589746749318,2,2
2025-09-19,0.002172012075954637,2,2
2025-09-22,0.00471989692795084,2,2
2025-09-23,-0.0054584549647028885,1,2
2025-09-24,-0.003186567775594909,1,2
2025-09-25,-0.004624198059199872,0,2
2025-09-26,0.005712699361002146,0,2
2025-09-29,0.002806489959773006,0,2
2025-09-30,0.003759798693121445,0,2
2025-10-01,0.003401695134902471,0,2
2025-10-02,0.0011512556685068594,1,2
2025-10-03,-1.4942880838291834e-05,2,2
2025-10-06,0.003579902691099707,2,2
2025-10-07,-0.003714398667631104,2,2
2025-10-08,0.00594534729952674,2,2
2025-10-09,-0.0029012049182987006,2,2
2025-10-10,-0.027399801942726544,0,2
2025-10-13,0.015227563512238449,0,0
2025-10-14,-0.001222392570361296,0,0
2025-10-15,0.004429719462844643,0,2
2025-10-16,-0.0068335849457119065,0,2
2025-10-17,0.005660264314098174,0,2
2025-10-20,0.010346804492827629,2,2
2025-10-21,-1.4896580490177991e-05,2,0
2025-10-22,-0.005212506854661459,1,2
2025-10-23,0.005912406365753746,2,0
2025-10-24,0.008139347089896708,2,0
2025-10-27,0.01172866089705333,0,0
2025-10-28,0.0026524827910452933,1,0
2025-10-29,0.0004801920860577721,2,2
2025-10-30,-0.011059049824417662,0,0
2025-10-31,0.003274863598399585,1,2
2025-11-03,0.0018749090009720192,2,2
2025-11-04,-0.011924356281126827,2,2
2025-11-05,0.003459443730445934,2,2
2025-11-06,-0.010787335017882127,2,2
2025-11-07,0.000984134637463724,2,2
2025-11-10,0.01548377959168782,0,2
2025-11-11,0.002286653395886616,2,1
2025-11-12,0.0005562142446419322,2,2
2025-11-13,-0.016733211254230287,0,2
2025-11-14,-0.00016369413044279956,1,2
2025-11-17,-0.009360116184323966,2,2
2025-11-18,-0.008433012450347006,2,2
2025-11-19,0.003855725229498871,2,2
2025-11-20,-0.0153596498741545,2,2
2025-11-21,0.009911941835396358,0,2
2025-11-24,0.014611334234121861,0,0
2025-11-25,0.009361928842259892,0,0
2025-11-26,0.006879779110253937,0,0
2025-11-28,0.005443607681908437,0,0
2025-12-01,-0.004575928668685979,0,0
2025-12-02,0.0018504925239445134,0,0
2025-12-03,0.003456815265752739,0,0
2025-12-04,0.0007308445965087893,1,2
2025-12-05,0.0018976999739243122,2,2
2025-12-08,-0.003008794955265222,2,2
2025-12-09,-0.0008634125819003481,2,2
2025-12-10,0.006610219529773459,2,2
2025-12-11,0.0023243324379854545,2,2
2025-12-12,-0.010810285225808881,2,2
2025-12-15,-0.0015119379903136695,2,2
2025-12-16,-0.0027361005595293282,2,2
2025-12-17,-0.011064566655824327,0,2
2025-12-18,0.00752301618359532,0,2
2025-12-19,0.0060719683113198775,0,2
2025-12-22,0.006210563238336997,0,2
2025-12-23,0.004560064429104888,0,2
2025-12-24,0.0035114739275361262,0,2
2025-12-26,-0.00010139857616117882,1,2
2025-12-29,-0.0035699811526619394,2,2
2025-12-30,-0.001221942749836467,2,2
2025-12-31,-0.0074364992469158325,1,2
2026-01-02,0.0018313815929654762,2,2
2026-01-05,0.006638047848428544,0,2
2026-01-06,0.005929573091759232,0,2
2026-01-07,-0.0032286348346833873,0,2
2026-01-08,-0.00010151621730295682,1,2
2026-01-09,0.006591619582212326,0,2
2026-01-12,0.0015692149229013152,2,2
2026-01-13,-0.0020015414226026377,2,2
2026-01-14,-0.00492729281072797,2,2
2026-01-15,0.002719515635281093,2,2
2026-01-16,-0.0008382109024625031,2,2
2026-01-20,-0.020566878432386925,0,2
2026-01-21,0.01147498247687448,0,2
2026-01-22,0.005209633575644586,0,2
2026-01-23,0.00036278941923500416,0,2
2026-01-26,0.005065280447057316,0,2
2026-01-27,0.003976320232466472,0,2
2026-01-28,-0.00010065352906969757,2,2
2026-01-29,-0.001986383852371168,2,2
2026-01-30,-0.0029869936567086114,2,2
2026-02-02,0.004958997606431472,2,2
2026-02-03,-0.00849139360665812,2,2
2026-02-04,-0.004855648769157645,2,2
2026-02-05,-0.012567898466513294,2,2
2026-02-06,0.019003086020040857,0,0
2026-02-09,0.004810166940943426,0,0
2026-02-10,-0.0026405608134012124,0,0
2026-02-11,-0.0002312005096709931,0,0
2026-02-12,-0.015569447134089434,0,0
2026-02-13,0.0007043183810107444,0,2
2026-02-17,0.0016121943987357,1,2
2026-02-18,0.005025062796631903,1,2
2026-02-19,-0.0026408530270246467,1,2
2026-02-20,0.007205743342883489,2,2
2026-02-23,-0.010263827328610054,1,2
2026-02-24,0.007242282009114867,0,2
2026-02-25,0.008402802066956044,0,2
2026-02-26,-0.005569836092779004,0,2
2026-02-27,-0.004813539531445302,2,2
2026-03-02,0.000568359859948312,2,2
2026-03-03,-0.00885343564941631,2,2
2026-03-04,0.007030626707290436,2,2
2026-03-05,-0.00559118578426759,2,2
2026-03-06,-0.013193758601503453,1,0
2026-03-09,0.008721781864122403,1,2
2026-03-10,-0.0016083223061841322,1,2
2026-03-11,-0.001255993840815324,2,2
2026-03-12,-0.015301366036724433,0,0
2026-03-13,-0.005676230093446902,2,2
2026-03-16,0.010125375692972446,2,2
2026-03-17,0.0026272200927514693,2,2
2026-03-18,-0.014051964415039928,0,2
2026-03-19,-0.0024673990553668104,2,2
2026-03-20,-0.017166819459998206,2,0
2026-03-23,0.01044528074902386,1,2
2026-03-24,-0.003362477949522577,2,2
2026-03-25,0.005557266210536793,2,2
2026-03-26,-0.018020166399113934,2,0
2026-03-27,-0.01719894174699523,2,0
2026-03-30,-0.0033489755326428124,2,2
2026-03-31,0.02865337838994454,0,0
2026-04-01,0.00750627768071692,0,0
2026-04-02,0.0009000282819796315,0,2
2026-04-06,0.004715698294388972,0,0
2026-04-07,0.0004400106280452577,1,2
2026-04-08,0.025150550892113863,0,0
2026-04-09,0.005752567636593883,0,0
2026-04-10,-0.0006620714249065728,0,0
2026-04-13,0.009725024652199299,0,0
2026-04-14,0.012111175446506492,0,0
2026-04-15,0.007860051940659503,1,0
2026-04-16,0.002454339131575915,1,0
2026-04-17,0.012013177480333549,0,0
2026-04-20,-0.002001607592143685,0,0
2026-04-21,-0.006568540038220643,0,2
2026-04-22,0.010075758777694515,0,0
2026-04-23,-0.003888259833014884,0,2
2026-04-24,0.0077194401848812875,0,2
